823, Angel Fish, Pets, 8.99, 19
802, Comet Goldfish, Pets, 0.29, 452
851, Peacock Eel, Pets, 12.49, 8
447, Marin Dark Blue 16-Piece Place Setting, Housewares, 116.99, 3
430, Dark Blue Tablecloth, Housewares, 8.99, 6
210, 18-Piece 3/8-Inch Drive SAE and Metric Socket Set, Hardware, 14.99, 10
215, Stanley Fold Up Sawhorse, Hardware, 29.99, 4
603, Nerf Doomlands Double Dealer Blaster, Toys, 29.99, 18
608, Barbie Mariposa Doll, Toys, 25.99, 12
713, Firewall Penitentiary Deluxe Edition, Electronics, 89.99, 105
